,concept,contrast
0,trm_4a3fd79d0b64e,cnt_4e03bc67764f5
1,trm_558c7b14c076e,cnt_553e85f11747b
2,trm_4a3fd79d0af71,cnt_553e85f11747b
3,trm_558c7b707f606,cnt_553e85f11747b
4,trm_4a3fd79d0b5a7,cnt_4b4a5473705db
5,trm_4a3fd79d0a723,cnt_4dfa42dddd062
6,trm_4a3fd79d0b4cd,cnt_4dfa42dddd062
7,trm_4a3fd79d0a6ad,cnt_4b8436c051c94
8,trm_4a3fd79d0b64e,cnt_4de6c5f53e708
9,trm_4a3fd79d0addc,cnt_4df2918824fb9
10,trm_4a3fd79d0a9dc,cnt_52728153ba9d7
11,trm_4a3fd79d0a972,cnt_4df118fd720dd
12,trm_4a3fd79d0b0f7,cnt_4de93ddadf379
13,trm_4a3fd79d0a4f9,cnt_4de93ddadf379
14,trm_4a3fd79d0b95b,cnt_4de93ddadf379
15,trm_4a3fd79d0b967,cnt_4de93ddadf379
16,trm_4a3fd79d0b49e,cnt_4de93ddadf379
17,trm_4a3fd79d0ac9e,cnt_4e08f5aa73703
18,trm_5022ef7599294,cnt_502422c805b89
19,trm_4a3fd79d0b154,cnt_52717eff2a75d
20,trm_4a3fd79d0b1a6,cnt_4df133b48842d
21,trm_557b4b56de455,cnt_55399f4618e42
22,trm_4a3fd79d0af71,cnt_55399f4618e42
23,trm_557b4a7315f1b,cnt_55399f4618e42
24,trm_4a3fd79d0a33b,cnt_55399f4618e42
25,trm_4a3fd79d0b457,cnt_5020196a49a19
26,trm_4f4511e519b53,cnt_52717f1a9b5ee
27,trm_4a3fd79d0b39d,cnt_4df2a4de25215
28,trm_4a3fd79d0b160,cnt_4df2a4de25215
29,trm_502abeab4e1d8,cnt_502ac6291faaa
30,trm_4a3fd79d0b64e,cnt_4df8ef7a8d7c3
31,trm_557b4a7315f1b,cnt_4e0182336c9cc
32,trm_4b75ed06c917d,cnt_524b5772e43a8
33,trm_4a3fd79d0b4b5,cnt_55a3028a5477b
34,trm_4a3fd79d0a914,cnt_5262cd27045a1
35,trm_4a3fd79d09707,cnt_4de968d88e3d3
36,trm_4a3fd79d09a3d,cnt_4de968d88e3d3
37,trm_4a3fd79d09a49,cnt_4de968d88e3d3
38,trm_4a3fd79d0a15c,cnt_4de968d88e3d3
39,trm_4a3fd79d0b8e5,cnt_4de968d88e3d3
40,trm_4a3fd79d0b756,cnt_4de968d88e3d3
41,trm_4a3fd79d0a7d4,cnt_4de968d88e3d3
42,trm_4a3fd79d0ac87,cnt_4de968d88e3d3
43,trm_4a3fd79d098a6,cnt_4de968d88e3d3
44,trm_4a3fd79d0b8d9,cnt_4de968d88e3d3
45,trm_4a3fd79d0a4f9,cnt_50b6603a36ae2
46,trm_5022ef7599294,cnt_523df7d6697ef
47,trm_4a3fd79d0abaa,cnt_50eb3dca702f2
48,trm_4a3fd79d09be2,cnt_502ade521b4bd
49,trm_4a3fd79d0b938,cnt_5262cbd26aa57
50,trm_4a3fd79d0ae3d,cnt_5005cae1dffba
51,trm_523c7c13bc55f,cnt_5298e7d15982e
52,trm_4a3fd79d09883,cnt_52b4cfac3a8ce
53,trm_4a3fd79d0b5a7,cnt_4b4a5481dc0f2
54,trm_4a3fd79d0a972,cnt_5262d6ff7da05
55,trm_4a3fd79d0a3d2,cnt_4ded3b16cdb74
56,trm_4a3fd79d0b46f,cnt_4ded3b16cdb74
57,trm_4a3fd79d09764,cnt_50eb12958b083
58,trm_4aae62e4ad209,cnt_50eb12958b083
59,trm_4a3fd79d0acc1,cnt_50184d223ef01
60,trm_4a3fd79d0b5a7,cnt_4b4a5490f1bb4
61,trm_4a3fd79d09ab2,cnt_55a3034ca0943
62,trm_4a3fd79d0b5a7,cnt_4b4a5f85437c2
63,trm_558c7b14c076e,cnt_553e865d69738
64,trm_4b82c75498408,cnt_4ded60eb3a50f
65,trm_4a3fd79d0aaa4,cnt_4ded60eb3a50f
66,trm_4a3fd79d0b4a9,cnt_4ded60eb3a50f
67,trm_4a3fd79d0b9ad,cnt_4ded60eb3a50f
68,trm_4a3fd79d0a972,cnt_4ded2aa1ea79d
69,trm_4a3fd79d0a9a1,cnt_4ded2aa1ea79d
70,trm_4a3fd79d0b87a,cnt_4e025694022e0
71,trm_4a3fd79d0b908,cnt_579614f464f73
72,trm_4a3fd79d0aac8,cnt_50f38423c93aa
73,trm_523f5ee64102c,cnt_523f5c6c34adc
74,trm_4a3fd79d09d35,cnt_5206bf3813b0d
75,trm_4ff36d79c26c6,cnt_5269951211abd
76,trm_4a3fd79d0a972,cnt_4dfa90af8345d
77,trm_557b4b9ccdc4a,cnt_55399e161c884
78,trm_4a3fd79d0a20c,cnt_55399e161c884
79,trm_557b4993a0fdd,cnt_55399e161c884
80,trm_4a3fd79d0b1d5,cnt_5262cc368f077
81,trm_4a3fd79d0b014,cnt_52405bd546e33
82,trm_4a3fd79d0b392,cnt_554109af50e85
83,trm_557b482a7c62b,cnt_554109af50e85
84,trm_4a3fd79d0b13d,cnt_5298ed5f7af62
85,trm_4a3fd79d0b4b5,cnt_552459a006d45
86,trm_4a3fd79d0a666,cnt_529cfc5925318
87,trm_4a3fd79d0a4f9,cnt_4e02368e6d840
88,trm_4a3fd79d0b5a7,cnt_4e023794e822b
89,trm_4a3fd79d0ac87,cnt_52728125ee3cf
90,trm_4a3fd79d0a972,cnt_5271808f8f605
91,trm_4a3fd79d0ae3d,cnt_52696df47325c
92,trm_4a3fd79d0af71,cnt_4de6bfac7a994
93,trm_4a3fd79d0b61f,cnt_4de6bfac7a994
94,trm_5595bd2b92003,cnt_553eb56aa25df
95,trm_4a3fd79d0af71,cnt_553eb56aa25df
96,trm_557b4a7315f1b,cnt_553eb56aa25df
97,trm_4a3fd79d0b160,cnt_4df2a4d2ecac9
98,trm_4a3fd79d09eb6,cnt_4df25f35f17e3
99,trm_4a3fd79d0b05e,cnt_4df25f35f17e3
100,trm_4f4511e519b53,cnt_525d88753a6ed
101,trm_557b499fac085,cnt_502174397e768
102,trm_4a3fd79d0a8fc,cnt_5262cbbf50dc7
103,trm_4a3fd79d0a30c,cnt_4de583fcb0789
104,trm_523e0419ec219,cnt_52602c88d74b0
105,trm_52090251db8c8,cnt_5262da3a15ba0
106,trm_4a3fd79d0b083,cnt_4df9015bcfad3
107,trm_4a3fd79d0a116,cnt_4dfa46d8c1622
108,trm_4a3fd79d0a613,cnt_4dfa46d8c1622
109,trm_4a3fd79d0a914,cnt_4dffded7a9be2
110,trm_50070dce14554,cnt_50185b2433de1
111,trm_4a3fd79d0b5a7,cnt_4de56f7a17762
112,trm_4aae62e4ad209,cnt_4de56f7a17762
113,trm_4a3fd79d09c28,cnt_4ebcaad4c41d7
114,trm_4a3fd79d0af71,cnt_4ebcaad4c41d7
115,trm_557b4a7315f1b,cnt_4ebcaad4c41d7
116,trm_557b4b3a6a34d,cnt_4ebcaad4c41d7
117,trm_557b478ce1c24,cnt_4ebcaad4c41d7
118,trm_4a3fd79d09cae,cnt_4ded4b7c49083
119,trm_4a3fd79d0b5a7,cnt_4ded4b7c49083
120,trm_4a3fd79d0ac87,cnt_4e022a9861397
121,trm_4a3fd79d0aeb6,cnt_4e022a9861397
122,trm_4a3fd79d0b832,cnt_4e022a9861397
123,trm_502403240a2a2,cnt_502403657d971
124,trm_4a3fd79d0b967,cnt_5262cbfa2cbb6
125,trm_4b6525253c63f,cnt_4de6b69d1e765
126,trm_4a3fd79d0b58f,cnt_5266c222da58d
127,trm_557b4b7e68727,cnt_553a6e7daf8e6
128,trm_4a3fd79d0b1a6,cnt_4dffdeb36edc5
129,trm_4a3fd79d0abb6,cnt_4e03951a4914c
130,trm_4a3fd79d0a20c,cnt_553a694a86e65
131,trm_4a3fd79d0ac9e,cnt_4d949c9b01604
132,trm_558c74156b7ee,cnt_4d949c9b01604
133,trm_558c73f3c8c6f,cnt_4d949c9b01604
134,trm_558c73b3663a6,cnt_4d949c9b01604
135,trm_4a3fd79d0a30c,cnt_4de6ad74bd885
136,trm_4a3fd79d0b014,cnt_523df847494a2
137,trm_4a3fd79d09d9e,cnt_520900032796f
138,trm_4a3fd79d0b8e5,cnt_553ec692268ca
139,trm_4a3fd79d0b4b5,cnt_55a302526f444
140,trm_4a3fd79d0a61f,cnt_4de6c3c82d46d
141,trm_4a3fd79d0a1ae,cnt_4ded4b345f82a
142,trm_4a3fd79d0b5a7,cnt_4ded4b345f82a
143,trm_4a3fd79d09d9e,cnt_5266bcd51c5bc
144,trm_4a3fd79d0b154,cnt_524055ec1c81d
145,trm_551f0f822d95e,cnt_55a304556bac7
146,trm_551f11bb8f6a8,cnt_55a304556bac7
147,trm_4b82c75498408,cnt_4b82d26b480ea
148,trm_4a3fd79d0b967,cnt_5262cc0801239
149,trm_4a3fd79d0b5a7,cnt_5154924daead4
150,trm_523e0a4b443dc,cnt_523dfd7f816b6
151,trm_4a3fd79d0a116,cnt_5262cc64bb978
152,trm_50070dce14554,cnt_523df7075b68e
153,trm_4a3fd79d0ab88,cnt_4df133a20d8da
154,trm_4a3fd79d0b689,cnt_523df78aee64c
155,trm_52068e5bd9aa1,cnt_5298ed452d73c
156,trm_4a3fd79d0a972,cnt_500742e46e628
157,trm_4a3fd79d0b46f,cnt_4e00fd62beac3
158,trm_4a3fd79d0b5fb,cnt_4e00fd62beac3
159,trm_4a3fd79d0ad1d,cnt_5255c9f1ebfda
160,trm_4a3fd79d0af66,cnt_4de6bfdf5905a
161,trm_4a3fd79d0b61f,cnt_4de6bfdf5905a
162,trm_4a3fd79d0a6e8,cnt_524b570288099
163,trm_4a3fd79d0a7e0,cnt_4de68ca153c38
164,trm_4a3fd79d0b80f,cnt_4de68ca153c38
165,trm_4c3e0646a2408,cnt_573609e3a736d
166,trm_4a3fd79d0a67d,cnt_573609e3a736d
167,trm_4a3fd79d0b689,cnt_5024229cb9cef
168,trm_4a3fd79d09902,cnt_50071af2372d9
169,trm_4a3fd79d0b5ef,cnt_4b4a538defadc
170,trm_4a3fd79d09be2,cnt_502ade3a6b4d4
171,trm_4a3fd79d0b613,cnt_4dfa8214869b9
172,trm_4a3fd79d0a431,cnt_4dfa8214869b9
173,trm_4a3fd79d0b607,cnt_4dfa8214869b9
174,trm_4a3fd79d0b5d7,cnt_4dfa8214869b9
175,trm_4a3fd79d09ece,cnt_4de7e52cd0ad6
176,trm_4a3fd79d0a80f,cnt_4de7e52cd0ad6
177,trm_4a3fd79d0a81b,cnt_4de7e52cd0ad6
178,trm_4a3fd79d09e07,cnt_4de7e52cd0ad6
179,trm_4a3fd79d0a072,cnt_4de7e52cd0ad6
180,trm_4a3fd79d0aec1,cnt_4de7e52cd0ad6
181,trm_502ab8dd991bf,cnt_502ace1922626
182,trm_4a3fd79d0a30c,cnt_4de6ae3e231dd
183,trm_4a3fd79d0b67d,cnt_52405bf41b0f9
184,trm_557b4b3a6a34d,cnt_4ebcaa755a7e5
185,trm_557b4b9ccdc4a,cnt_4ebcaa755a7e5
186,trm_4a3fd79d0af71,cnt_4ebcaa755a7e5
187,trm_557b4a7315f1b,cnt_4ebcaa755a7e5
188,trm_4a3fd79d09c28,cnt_4ebcaa755a7e5
189,trm_557b493e4203a,cnt_4ebcaa755a7e5
190,trm_557b4993a0fdd,cnt_4ebcaa755a7e5
191,trm_557b48e337218,cnt_4ebcaa755a7e5
192,trm_55ef273a77a86,cnt_4ebcaa755a7e5
193,trm_4a3fd79d0b80f,cnt_4e02433a9f223
194,trm_4a3fd79d0ab70,cnt_4de6c945846f2
195,trm_4a3fd79d09b28,cnt_4de6c945846f2
196,trm_4b75ed06c917d,cnt_5298fa8955db0
197,trm_4a3fd79d0b5fb,cnt_4df8e29765d7b
198,trm_4a3fd79d0a700,cnt_4df8e29765d7b
199,trm_4a3fd79d0ad41,cnt_4df8e29765d7b
200,trm_4a3fd79d0aa8d,cnt_4df29e99a47ae
201,trm_557b4a7315f1b,cnt_4df29e99a47ae
202,trm_4a3fd79d0ba0d,cnt_4de90fe2177d0
203,trm_4a3fd79d0a431,cnt_4de90fe2177d0
204,trm_4a3fd79d0b92c,cnt_4de90fe2177d0
205,trm_4a3fd79d0ba6c,cnt_4de90fe2177d0
206,trm_4a3fd79d0b5a7,cnt_4de90fe2177d0
207,trm_4a3fd79d0b5a7,cnt_5106ef70e1f21
208,trm_4aae62e4ad209,cnt_5106ef70e1f21
209,trm_4a3fd79d0a02c,cnt_4de7dc695fabb
210,trm_5358ede949107,cnt_5358ef9570ace
211,trm_4a3fd79d0b1e0,cnt_50f864a19c88d
212,trm_4a3fd79d0b5a7,cnt_5020507780603
213,trm_4b75ed06c917d,cnt_5271886ab5997
214,trm_523c7c13bc55f,cnt_525c57664d7a7
215,trm_4a3fd79d0a972,cnt_526945035073c
216,trm_4b65259eeee34,cnt_4e611331826a0
217,trm_4a3fd79d0b077,cnt_4e02569dd0139
218,trm_4a3fd79d09d35,cnt_523e12859c3ce
219,trm_523c7c13bc55f,cnt_525c4cdf291ad
220,trm_55c298bbe56d5,cnt_55ef440b3f6f2
221,trm_4a3fd79d0ba01,cnt_4de6a2be90526
222,trm_4a3fd79d0afab,cnt_4de6a2be90526
223,trm_50070dce14554,cnt_50185135a51fc
224,trm_4a3fd79d0a9a1,cnt_4df7bfc72c237
225,trm_4a3fd79d0b1a6,cnt_4df7bfc72c237
226,trm_4b75ed06c917d,cnt_4df7bfc72c237
227,trm_4a3fd79d0a72e,cnt_4df7bfc72c237
228,trm_4a3fd79d0b077,cnt_4e03b6ae397cc
229,trm_4a3fd79d0b80f,cnt_4e03b6ae397cc
230,trm_4a3fd79d0b4a9,cnt_553a73a084bdd
231,trm_4a3fd79d0af71,cnt_553a73a084bdd
232,trm_557b4a7315f1b,cnt_553a73a084bdd
233,trm_4c3e05903e4bb,cnt_553a73a084bdd
234,trm_559f0986182cc,cnt_553a73a084bdd
235,trm_52068e5bd9aa1,cnt_5298e898828cf
236,trm_4a3fd79d0b4cd,cnt_50f853460010d
237,trm_4b82c75498408,cnt_4b7c03351fc78
238,trm_4a3fd79d0a81b,cnt_4b7c03351fc78
239,trm_4a3fd79d0b507,cnt_4b7c03351fc78
240,trm_4a3fd79d0b457,cnt_50f9992176d5c
241,trm_4a3fd79d0addc,cnt_4e08fefbf0382
242,trm_4a3fd79d09be2,cnt_502ade6246b25
243,trm_4a3fd79d0b13d,cnt_5208ffc82d64b
244,trm_525d8e198e0da,cnt_525d879a4aca1
245,trm_4a3fd79d0a972,cnt_4e0399bbae0ed
246,trm_4a3fd79d09f87,cnt_50049a0f821aa
247,trm_4a3fd79d0af66,cnt_4e08edac14ee7
248,trm_557b4b652cbec,cnt_553149868c670
249,trm_557b4b3a6a34d,cnt_553149868c670
250,trm_557b4891e9265,cnt_553149868c670
251,trm_4a3fd79d0af71,cnt_553149868c670
252,trm_557b4a7315f1b,cnt_553149868c670
253,trm_4a3fd79d0a7f8,cnt_4de6d2747197f
254,trm_523c7ba79c2f1,cnt_52583beae7af6
255,trm_4a3fd79d0a775,cnt_4de6d42855dcd
256,trm_4a3fd79d0b06b,cnt_4de6d42855dcd
257,trm_559f0a129c136,cnt_553fc4f4362c1
258,trm_523ca883711cc,cnt_524b4afe10a65
259,trm_4a3fd79d0b08f,cnt_4e08fe051b67b
260,trm_4a3fd79d0b1e0,cnt_50f9db0e69e86
261,trm_4a3fd79d0b247,cnt_525d84fa886ed
262,trm_4a3fd79d09d9e,cnt_5298ed32ea678
263,trm_4b7c270940f9d,cnt_5016e5b8068a9
264,trm_4a3fd79d0b1e0,cnt_500712871f6d5
265,trm_523c7c13bc55f,cnt_525d85fbf2cb1
266,trm_557b47abe9a34,cnt_5175b81f53bf3
267,trm_4a3fd79d0b5ef,cnt_4df8e2af408ed
268,trm_4a3fd79d0a700,cnt_4df8e2af408ed
269,trm_4a3fd79d0ad41,cnt_4df8e2af408ed
270,trm_4a3fd79d0b077,cnt_4e0125dc5bc09
271,trm_4a3fd79d0b80f,cnt_4be6ec4cb064c
272,trm_4a3fd79d0ba01,cnt_4be6ec4cb064c
273,trm_4a3fd79d0b5ef,cnt_52583bbbcfd9c
274,trm_4a3fd79d0b154,cnt_5208ff7d82bce
275,trm_4a3fd79d0b1e0,cnt_4dfb9b0719363
276,trm_4a3fd79d0b077,cnt_4de6b87a44743
277,trm_4a3fd79d0b083,cnt_4de6b87a44743
278,trm_4a3fd79d0b87a,cnt_4de6b87a44743
279,trm_4a3fd79d0ac9e,cnt_4d949c8f3101c
280,trm_558c73b3663a6,cnt_4d949c8f3101c
281,trm_4a3fd79d0a7e0,cnt_4d949c8f3101c
282,trm_557b4b9ccdc4a,cnt_4d949c8f3101c
283,trm_5159c8a5d3d13,cnt_524b4ad9275ba
284,trm_4a3fd79d0a038,cnt_5021a042336c1
285,trm_4a3fd79d0b392,cnt_554109c5544c8
286,trm_4a3fd79d0af71,cnt_55315226076d3
287,trm_4a3fd79d0b5a7,cnt_55315226076d3
288,trm_557b4b9ccdc4a,cnt_55315226076d3
289,trm_4a3fd79d0995e,cnt_50f377a5d345e
290,trm_50070dce14554,cnt_50070f2604b71
291,trm_4a3fd79d0b4b5,cnt_55a301cd38de4
292,trm_4a3fd79d09ab2,cnt_55a301cd38de4
293,trm_4a3fd79d0b457,cnt_4e012fc0a6d05
294,trm_4a3fd79d0afa0,cnt_4e012fc0a6d05
295,trm_4a3fd79d0a769,cnt_55a3075967471
296,trm_4a3fd79d0b5a7,cnt_5106ef8038cf0
297,trm_4a3fd79d0ba3c,cnt_5106ef8038cf0
298,trm_4aae62e4ad209,cnt_5106ef8038cf0
299,trm_557b49ad14adf,cnt_5358f019cdf06
300,trm_557b499fac085,cnt_5358f019cdf06
301,trm_5024002a85b1f,cnt_5032be8b13109
302,trm_4a3fd79d0a775,cnt_5021b4664cfbb
303,trm_4a3fd79d0a78d,cnt_5266cc7eb942a
304,trm_558c7b5228ed4,cnt_553e86042df77
305,trm_558c7b707f606,cnt_553e86042df77
306,trm_4a3fd79d0af71,cnt_553e86042df77
307,trm_4a3fd79d0b64e,cnt_50b40c3aa95af
308,trm_4a3fd79d0b6ad,cnt_50f37f45b00e2
309,trm_4a3fd79d0b4b5,cnt_510707278e097
310,trm_529d0d62290de,cnt_529d0a711d43d
311,trm_4a3fd79d0a1f4,cnt_50eb42b349127
312,trm_4a3fd79d0aaa4,cnt_4df66400663ec
313,trm_4a3fd79d0b4d8,cnt_4df66400663ec
314,trm_4a3fd79d09cae,cnt_4e08fb9717d43
315,trm_4a3fd79d0b0a6,cnt_4e08fb9717d43
316,trm_4a3fd79d09d64,cnt_4e08fb9717d43
317,trm_4a3fd79d0b5a7,cnt_4e08fb9717d43
318,trm_4a3fd79d0af71,cnt_4ebca22149619
319,trm_557b4b3a6a34d,cnt_4ebca22149619
320,trm_557b4a7315f1b,cnt_4ebca22149619
321,trm_557b49851e991,cnt_4ebca22149619
322,trm_557b4aa070c10,cnt_4ebca22149619
323,trm_557b491318742,cnt_4ebca22149619
324,trm_557b474e2b578,cnt_4ebca22149619
325,trm_557b4b3a6a34d,cnt_553147b362347
326,trm_4a3fd79d0b1b2,cnt_553147b362347
327,trm_557b48aeb7d58,cnt_553147b362347
328,trm_4a3fd79d0af71,cnt_553147b362347
329,trm_557b4a7315f1b,cnt_553147b362347
330,trm_557b471bc6cd8,cnt_553147b362347
331,trm_4a3fd79d0b802,cnt_500edcfd883ea
332,trm_4a3fd79d0b340,cnt_4dfbe08944a96
333,trm_4a3fd79d0b756,cnt_4dfbe08944a96
334,trm_4a3fd79d0a7f8,cnt_4dfbe08944a96
335,trm_4a3fd79d0a972,cnt_5007422433506
336,trm_50f3c0af04e37,cnt_50f3c03878ce3
337,trm_4a3fd79d0b44c,cnt_4e0243468cb6f
338,trm_557b4b47d994a,cnt_55ef1305643e9
339,trm_4a3fd79d0af71,cnt_55ef1305643e9
340,trm_557b4a7315f1b,cnt_55ef1305643e9
341,trm_557b4817db34d,cnt_55ef1305643e9
342,trm_557b4a913f8cc,cnt_55ef1305643e9
343,trm_55ef153d47bc0,cnt_55ef1305643e9
344,trm_557b48f22ba99,cnt_55ef1305643e9
345,trm_4a3fd79d09f64,cnt_50eb0ec7d3a0e
346,trm_4a3fd79d0b363,cnt_50f37b522549b
347,trm_4a3fd79d0a1f4,cnt_50f999352af03
348,trm_52583e8a46ded,cnt_52583c058bea0
349,trm_4a3fd79d0a972,cnt_4df6974d8c674
350,trm_4a3fd79d0a72e,cnt_4df6974d8c674
351,trm_4a3fd79d0b077,cnt_4e011afe30540
352,trm_4a3fd79d098c9,cnt_553ec6a0a72d3
353,trm_4a3fd79d0b5ef,cnt_4df6818a8bcec
354,trm_4a3fd79d0b5a7,cnt_4df6818a8bcec
355,trm_559f0a5b4cd36,cnt_553fc50126261
356,trm_56798c5f25b0c,cnt_553fc50126261
357,trm_4a3fd79d09e1e,cnt_4e038ba42d3a7
358,trm_4a3fd79d09953,cnt_4e038ba42d3a7
359,trm_5022ef7599294,cnt_5299143fed521
360,trm_52405de6b7a63,cnt_52405bff90283
361,trm_4a3fd79d09c5b,cnt_5541098145b5a
362,trm_4a3fd79d0b392,cnt_5541098145b5a
363,trm_4a3fd79d0b507,cnt_4df928c85f523
364,trm_4a3fd79d0b89e,cnt_4df928c85f523
365,trm_4a3fd79d0b340,cnt_4de6d0d5790a3
366,trm_4a3fd79d0a7f8,cnt_4de6d0d5790a3
367,trm_4a3fd79d0b892,cnt_4de6d0d5790a3
368,trm_4a3fd79d0b56b,cnt_4de6d0d5790a3
369,trm_4a3fd79d0a64e,cnt_4df93a3c9bd2c
370,trm_4a3fd79d0b64e,cnt_4df10d2fb170f
371,trm_4a3fd79d0a04f,cnt_55a306f9b7178
372,trm_4a3fd79d0b18f,cnt_4dfa94d49dc90
373,trm_4a3fd79d09e87,cnt_4dfa94d49dc90
374,trm_4a3fd79d0b49e,cnt_4dfa94d49dc90
375,trm_4a3fd79d0b1d5,cnt_4dfa94d49dc90
376,trm_52068e5bd9aa1,cnt_525d87b78dee5
377,trm_4a3fd79d0a9b9,cnt_5798d115b13e3
378,trm_557b4a7315f1b,cnt_5798d115b13e3
379,trm_557b476527a27,cnt_4ebca9e1d3a16
380,trm_55b6b9d7c9435,cnt_4ebca9e1d3a16
381,trm_55b6b9a666604,cnt_4ebca9e1d3a16
382,trm_4a3fd79d0b9dd,cnt_502a9a529d5d1
383,trm_557b482a7c62b,cnt_5531474e117df
384,trm_4a3fd79d0af71,cnt_5531474e117df
385,trm_557b4a7315f1b,cnt_5531474e117df
386,trm_557b4891e9265,cnt_5531474e117df
387,trm_4a3fd79d0b457,cnt_52167f717dac6
388,trm_555cfb890d721,cnt_553149bc9f9d1
389,trm_500d8bcf5f29a,cnt_50f381d2aab5a
390,trm_4a3fd79d0b5fb,cnt_50f8444dd50db
391,trm_4a3fd79d09aa7,cnt_4e0130c979bf1
392,trm_4a3fd79d0b65a,cnt_4dfbd05eb07d6
393,trm_4a3fd79d0af66,cnt_4b4a2f46e2faa
394,trm_4a3fd79d0a613,cnt_4b4a2f46e2faa
395,trm_523e0419ec219,cnt_524b4baf1f04d
396,trm_523e024c14df9,cnt_523df7e0f0100
397,trm_4a3fd79d0b043,cnt_4e038ad0147d7
398,trm_4a3fd79d0a20c,cnt_553a6f9fc8748
399,trm_4a3fd79d0a891,cnt_5262cba80a837
400,trm_502abeab4e1d8,cnt_502acf9fbd81c
401,trm_4a3fd79d09b04,cnt_4df1585e55f60
402,trm_4a3fd79d0a116,cnt_4df1585e55f60
403,trm_4a3fd79d0a78d,cnt_52717bb0bb848
404,trm_4a3fd79d0ac9e,cnt_5106ef685b53d
405,trm_4a3fd79d0b5a7,cnt_5106ef685b53d
406,trm_4a3fd79d0aaa4,cnt_4df663cf4ea8a
407,trm_4a3fd79d0b4d8,cnt_4df663cf4ea8a
408,trm_4a3fd79d0b802,cnt_5262d714c6169
409,trm_4a3fd79d0b1d5,cnt_500ddba625847
410,trm_4a3fd79d0a972,cnt_50f72efe2012e
411,trm_502bdc6bdaa2b,cnt_502bef633e582
412,trm_4a3fd79d0b4d8,cnt_4e00fd3de3b0a
413,trm_55b6b92c1fd76,cnt_55315278ea6cc
414,trm_4a3fd79d09ef0,cnt_5255cb7b65a68
415,trm_4a3fd79d0a54b,cnt_50185b18ad99e
416,trm_4a3fd79d0b4cd,cnt_4e0104d85693b
417,trm_4a3fd79d0b043,cnt_4e0104d85693b
418,trm_4a3fd79d09ab2,cnt_4ffdbab8b5539
419,trm_4a3fd79d0addc,cnt_4df2917218780
420,trm_4a3fd79d0a972,cnt_4df2917218780
421,trm_4a3fd79d0b0bd,cnt_4df2917218780
422,trm_4a3fd79d0b160,cnt_525c578b8e221
423,trm_4a3fd79d0b5ef,cnt_52167fa84c173
424,trm_4a3fd79d0b077,cnt_5255cbd7b880a
425,trm_4a3fd79d0a398,cnt_4de67800c904a
426,trm_4a3fd79d09a10,cnt_4de93a6779688
427,trm_4a3fd79d09713,cnt_4de93a6779688
428,trm_4aae62e4ad209,cnt_4de93a6779688
429,trm_4a3fd79d0a769,cnt_52713ea34e4a3
430,trm_4a3fd79d0af71,cnt_4decfedb91973
431,trm_557b4a7315f1b,cnt_4decfedb91973
432,trm_557b4abe521af,cnt_4decfedb91973
433,trm_557b4b3a6a34d,cnt_4decfedb91973
434,trm_4aae62e4ad209,cnt_525c4d023f957
435,trm_523e053844495,cnt_524b4b83ab297
436,trm_4a3fd79d0b154,cnt_527187cbb684e
437,trm_4a3fd79d0af71,cnt_4ebcaa463d20e
438,trm_4a3fd79d0b5a7,cnt_4ebcaa463d20e
439,trm_4c3e05903e4bb,cnt_4ebcaa463d20e
440,trm_557b4b3a6a34d,cnt_4ebcaa463d20e
441,trm_557b4b9ccdc4a,cnt_4ebcaa463d20e
442,trm_557b4a7315f1b,cnt_4ebcaa463d20e
443,trm_4a3fd79d09c28,cnt_4ebcaa463d20e
444,trm_557b493e4203a,cnt_4ebcaa463d20e
445,trm_557b4993a0fdd,cnt_4ebcaa463d20e
446,trm_557b48e337218,cnt_4ebcaa463d20e
447,trm_557b476527a27,cnt_4ebcaa463d20e
448,trm_55b6b96e77df6,cnt_55315270d1e14
449,trm_4aae62e4ad209,cnt_4de57f6d43cfd
450,trm_4a3fd79d0b083,cnt_5798d2b73fb3b
451,trm_4a3fd79d0b487,cnt_5798d2b73fb3b
452,trm_4a3fd79d0a9a1,cnt_5798d2b73fb3b
453,trm_4a3fd79d0a972,cnt_5798d2b73fb3b
454,trm_4a3fd79d0b39d,cnt_4df2a4cb64388
455,trm_4b7c270940f9d,cnt_5016e5ab53cce
456,trm_558c73f3c8c6f,cnt_5181f863d5591
457,trm_4a3fd79d0af71,cnt_5181f863d5591
458,trm_55ef3ba010121,cnt_5181f863d5591
459,trm_557b49851e991,cnt_5181f863d5591
460,trm_4a3fd79d0b4b5,cnt_4de674d6a85e6
461,trm_4a3fd79d0a398,cnt_4de674d6a85e6
462,trm_4a3fd79d0ab65,cnt_527007430497f
463,trm_4a3fd79d0b5e3,cnt_4ded3a95a6098
464,trm_4a3fd79d0b5ef,cnt_4ded3a95a6098
465,trm_4a3fd79d0a38d,cnt_4ded3a95a6098
466,trm_4a3fd79d0a04f,cnt_55a3069a3b9f9
467,trm_4a3fd79d09b10,cnt_500478a733748
468,trm_4a3fd79d0a196,cnt_52699525e50e4
469,trm_4a3fd79d0b0c8,cnt_4dfbaf4e94f96
470,trm_4a3fd79d0b077,cnt_4e03b8b959bc9
471,trm_4a3fd79d0b80f,cnt_4e03b8b959bc9
472,trm_4a3fd79d0990e,cnt_50b55e6945a0e
473,trm_4a3fd79d0b077,cnt_4e0126b9ec56b
474,trm_4a3fd79d0aeb6,cnt_4ded542c8c4f8
475,trm_4a3fd79d09bbf,cnt_4ded542c8c4f8
476,trm_4a3fd79d0a775,cnt_4ded542c8c4f8
477,trm_4a3fd79d0ab65,cnt_4deff762a9fb7
478,trm_4a3fd79d0b5fb,cnt_4deff762a9fb7
479,trm_4a3fd79d0b607,cnt_4deff762a9fb7
480,trm_555cfb890d721,cnt_553149979dc2e
481,trm_557b4a7315f1b,cnt_553149979dc2e
482,trm_4a3fd79d0af71,cnt_553149979dc2e
483,trm_557b4891e9265,cnt_553149979dc2e
484,trm_557b4b3a6a34d,cnt_553149979dc2e
485,trm_557b4b652cbec,cnt_553149979dc2e
486,trm_4a3fd79d0b247,cnt_52718a781a09a
487,trm_4a3fd79d0b392,cnt_52718a35e6077
488,trm_4a3fd79d0b507,cnt_4e01306ba8db6
489,trm_557b495cdde57,cnt_5181f79e38fb2
490,trm_4fea1aeaa7b17,cnt_4ffcb50c3f71c
491,trm_557b4b9ccdc4a,cnt_553a6e9a84bd2
492,trm_557b4a7315f1b,cnt_553a6e9a84bd2
493,trm_4a3fd79d0af71,cnt_553a6e9a84bd2
494,trm_557b4855a12b4,cnt_553a6e9a84bd2
495,trm_557b48f22ba99,cnt_553a6e9a84bd2
496,trm_4a3fd79d0abc1,cnt_52728216c4a99
497,trm_4a3fd79d0b5fb,cnt_51ec19d22283e
498,trm_55c298bbe56d5,cnt_55c68750052fa
499,trm_4a3fd79d09ab2,cnt_55a301d6d57b9
500,trm_4a3fd79d0b4b5,cnt_55a301d6d57b9
501,trm_4a3fd79d0a590,cnt_4dee7fcd869e8
502,trm_4a3fd79d0aec1,cnt_4dee7fcd869e8
503,trm_4a3fd79d0a86e,cnt_50f5bff7748da
504,trm_4a3fd79d09d9e,cnt_527186cd116f2
505,trm_525d8cd1c9cc3,cnt_525d8758edffb
506,trm_4a3fd79d09b04,cnt_4dfa3e4d70781
507,trm_4a3fd79d0b7f4,cnt_525d84d3df53b
508,trm_4a3fd79d0b160,cnt_4df2a27d637b3
509,trm_4a3fd79d0ac87,cnt_5262d9a1aec5c
510,trm_4a3fd79d0a972,cnt_50eb6bfb7e504
511,trm_5159beaf80413,cnt_55314940f18c6
512,trm_4a3fd79d0aeb6,cnt_50eb3da904b79
513,trm_4a3fd79d0b61f,cnt_4de6c02033259
514,trm_4a3fd79d0af66,cnt_4dfbb1f51259f
515,trm_5358ede949107,cnt_4dfbb1f51259f
516,trm_52090251db8c8,cnt_5298ea6de528f
517,trm_4a3fd79d0b5fb,cnt_4df108c45e041
518,trm_4a3fd79d0ab65,cnt_4df108c45e041
519,trm_4a3fd79d0b607,cnt_4df108c45e041
520,trm_4a3fd79d0ba01,cnt_4de6a334313b1
521,trm_4a3fd79d0b13d,cnt_51ec19c434db0
522,trm_557b4a7315f1b,cnt_553a6e24c3c78
523,trm_557b4b47d994a,cnt_553a6e24c3c78
524,trm_4a3fd79d0af71,cnt_553a6e24c3c78
525,trm_558c73324a6ca,cnt_553a6e24c3c78
526,trm_558c736199abd,cnt_553a6e24c3c78
527,trm_4a3fd79d0b95b,cnt_527281ba2970c
528,trm_4a3fd79d0b154,cnt_52168a770f5c0
529,trm_4a3fd79d0b26d,cnt_4dfa704eaedf9
530,trm_4a3fd79d0a95a,cnt_524b578b851f8
531,trm_4a3fd79d0b58f,cnt_4de7d07b4366d
532,trm_4a3fd79d09d93,cnt_4de7b92a0ce43
533,trm_5021684cba96c,cnt_502168c10e933
534,trm_4a3fd79d0a323,cnt_4de7c5b19456f
535,trm_4a3fd79d09ee6,cnt_5240560bb6b8c
536,trm_4a3fd79d0b46f,cnt_4e010b32b9f74
537,trm_4a3fd79d0b5fb,cnt_4e010b32b9f74
538,trm_4a3fd79d0a116,cnt_4dfa3f0edd3d4
539,trm_4a3fd79d0b392,cnt_553fcacc72dd6
540,trm_557b482a7c62b,cnt_553fcacc72dd6
541,trm_4a3fd79d09c5b,cnt_553fcacc72dd6
542,trm_4a3fd79d0b5a7,cnt_4b4a54dd8d597
543,trm_4a3fd79d0ba0d,cnt_4b4a54dd8d597
544,trm_4c3e05903e4bb,cnt_4b4a54dd8d597
545,trm_4a3fd79d09bee,cnt_4b4a54dd8d597
546,trm_4c3e04d656f06,cnt_4b4a54dd8d597
547,trm_4a3fd79d0989a,cnt_4df29978d4002
548,trm_4a3fd79d09b04,cnt_4df29978d4002
549,trm_4a3fd79d0a6dc,cnt_4df29978d4002
550,trm_4a3fd79d0afc3,cnt_4df29978d4002
551,trm_4a3fd79d0a775,cnt_5272823262ea5
552,trm_4a3fd79d0a1d1,cnt_553a6ed942692
553,trm_4a3fd79d09d93,cnt_4df10f9cbd86c
554,trm_4a3fd79d0b46f,cnt_4df91dd29b1c6
555,trm_4fa3afaeef512,cnt_524b4b8f51cef
556,trm_557b4b9ccdc4a,cnt_553e8616191c4
557,trm_558c7ae1eaf86,cnt_553e8616191c4
558,trm_4a3fd79d09d9e,cnt_52168a8712870
559,trm_4a3fd79d0b5a7,cnt_4df13aaa3f2be
560,trm_4c3e05903e4bb,cnt_4df13aaa3f2be
561,trm_4a3fd79d09d64,cnt_4df13aaa3f2be
562,trm_4a3fd79d0b160,cnt_4df689e663ffe
563,trm_4a3fd79d0b59b,cnt_525d8551c4a1a
564,trm_4a3fd79d09b28,cnt_500723252de72
565,trm_4a3fd79d0ba25,cnt_500723252de72
566,trm_4a3fd79d0a1f4,cnt_50eb14da0c5d3
567,trm_4a3fd79d0b5ef,cnt_5022e4e75d375
568,trm_4a3fd79d0a20c,cnt_55399a008d960
569,trm_557b4a7315f1b,cnt_55399a008d960
570,trm_4a3fd79d0a398,cnt_4df685e797da2
571,trm_4a3fd79d0b4d8,cnt_4df685e797da2
572,trm_4a3fd79d0b4b5,cnt_4df685e797da2
573,trm_4a3fd79d0b613,cnt_4dfa838286e12
574,trm_4a3fd79d0af71,cnt_55399a3f5e512
575,trm_557b4b3a6a34d,cnt_55399a3f5e512
576,trm_557b49851e991,cnt_55399a3f5e512
577,trm_557b4aa070c10,cnt_55399a3f5e512
578,trm_557b491318742,cnt_55399a3f5e512
579,trm_4a3fd79d0af66,cnt_55399a3f5e512
580,trm_557b474e2b578,cnt_55399a3f5e512
581,trm_52583e083c9ab,cnt_52583b62b9127
582,trm_4a3fd79d0b826,cnt_4df8fc1e54759
583,trm_4a3fd79d0b802,cnt_4df8fc1e54759
584,trm_4a3fd79d0aec1,cnt_52700368df6d8
585,trm_4ffca95528c88,cnt_50b42fb7d7c9d
586,trm_4a3fd79d0a972,cnt_529911e50beb7
587,trm_4a3fd79d0a972,cnt_4e025d79cc9f9
588,trm_4a3fd79d0ad64,cnt_50b666dabe619
589,trm_4ff1fc04e22e8,cnt_5005cc79902cc
590,trm_4a3fd79d0a30c,cnt_4de6add395167
591,trm_502abeab4e1d8,cnt_502ac610413b0
592,trm_4a3fd79d0ba01,cnt_4de919cf2b2bd
593,trm_4a3fd79d0a833,cnt_4de919cf2b2bd
594,trm_4a3fd79d0a038,cnt_50f73de372e77
595,trm_4a3fd79d0b58f,cnt_5272823f1ac11
596,trm_52090251db8c8,cnt_5255cbf47097d
597,trm_4a3fd79d0a914,cnt_4df265ff04368
598,trm_4a3fd79d0b1a6,cnt_4df265ff04368
599,trm_557b4b9ccdc4a,cnt_55399e3b3d13e
600,trm_557b4bb7cf05b,cnt_55399e3b3d13e
601,trm_4c3e05903e4bb,cnt_55399e3b3d13e
602,trm_4a3fd79d0b4cd,cnt_4dffd4ed38b03
603,trm_4aae62e4ad209,cnt_4dffd4ed38b03
604,trm_4a3fd79d0a431,cnt_4dffd4ed38b03
605,trm_4a3fd79d0a533,cnt_4de6758abdfa5
606,trm_523e034f9e69a,cnt_524b4db24ad5e
607,trm_4a3fd79d0a972,cnt_50f84ec36494c
608,trm_557b49851e991,cnt_553999f2c69ef
609,trm_557b4aa070c10,cnt_553999f2c69ef
610,trm_4a3fd79d0a81b,cnt_4e012702f0951
611,trm_4a3fd79d0a95a,cnt_4dfbd9e47c418
612,trm_5595bda0c5dc3,cnt_553eb5644f96f
613,trm_4a3fd79d0af71,cnt_553eb5644f96f
614,trm_557b4a7315f1b,cnt_553eb5644f96f
615,trm_4a3fd79d09902,cnt_55a300d4a2e78
616,trm_4a3fd79d09ab2,cnt_553a767c981c7
617,trm_523ca7e778c50,cnt_524b4aef50da4
618,trm_4a3fd79d0b5a7,cnt_4b7c108cc7a68
619,trm_4a3fd79d0b607,cnt_4b7c108cc7a68
620,trm_4a3fd79d0a972,cnt_5271807c80df3
621,trm_52090251db8c8,cnt_524b570288b15
622,trm_523c7c13bc55f,cnt_523c7d1fc539f
623,trm_523e00f356226,cnt_524b4d978c37c
624,trm_4a3fd79d0b695,cnt_5298e8212f015
625,trm_4a3fd79d0989a,cnt_4df298fddce13
626,trm_4a3fd79d0b938,cnt_5262cbed815c6
627,trm_4a3fd79d0b44c,cnt_4e025467f28e7
628,trm_4a3fd79d0b507,cnt_4e013090c4cf1
629,trm_4a3fd79d0b2b4,cnt_4e025d8d96ecf
630,trm_4a3fd79d0a972,cnt_4e025d8d96ecf
631,trm_4a3fd79d0a7d4,cnt_4e025d8d96ecf
632,trm_4a3fd79d09ab2,cnt_525d8540300d6
633,trm_557b4b27dfd5e,cnt_553a7710d845a
634,trm_557b4b05ae470,cnt_553a7710d845a
635,trm_4a3fd79d0b4d8,cnt_4c9975fc3078c
636,trm_4a3fd79d0a972,cnt_4c9975fc3078c
637,trm_4a3fd79d0b49e,cnt_52167f5cba608
638,trm_4a3fd79d09d35,cnt_4e011cb5c3e85
639,trm_4a3fd79d0a769,cnt_525d888c5c514
640,trm_4a3fd79d0b457,cnt_50f7409730966
641,trm_4a3fd79d0b340,cnt_4de6d45dd9ceb
642,trm_4a3fd79d0a7f8,cnt_4de6d45dd9ceb
643,trm_4a3fd79d0b892,cnt_4de6d45dd9ceb
644,trm_4a3fd79d0a775,cnt_4de6d1194349d
645,trm_4a3fd79d0b1f7,cnt_4de6d1194349d
646,trm_4c3e05903e4bb,cnt_55314b12878f7
647,trm_557b493133416,cnt_55314b12878f7
648,trm_557b4b7e68727,cnt_55314b12878f7
649,trm_557b4a7315f1b,cnt_55314b12878f7
650,trm_4a3fd79d0af71,cnt_55314b12878f7
651,trm_4c3e05903e4bb,cnt_55314b0643005
652,trm_55c6f87595b39,cnt_55314b0643005
653,trm_557b4b154e0d9,cnt_55314b0643005
654,trm_557b4a7315f1b,cnt_55314b0643005
655,trm_4a3fd79d0af71,cnt_55314b0643005
656,trm_4a3fd79d0b64e,cnt_4e03bc8177610
657,trm_4b75ed06c917d,cnt_529ce116b5cff
658,trm_4a3fd79d0ab65,cnt_4ded050f2e7f1
659,trm_4a3fd79d0b5fb,cnt_4ded050f2e7f1
660,trm_4a3fd79d0b154,cnt_520613ce52654
661,trm_4a3fd79d098c9,cnt_5262cc25f2467
662,trm_4a3fd79d09d9e,cnt_520613b7ec09c
663,trm_4a3fd79d09e13,cnt_4e41708078f47
664,trm_4a3fd79d0a30c,cnt_4ded129f8c996
665,trm_4a3fd79d0a300,cnt_4ded129f8c996
666,trm_4a3fd79d0b4d8,cnt_4ded129f8c996
667,trm_4a3fd79d0b5a7,cnt_4ded129f8c996
668,trm_4a3fd79d0ba6c,cnt_4ded129f8c996
669,trm_4a3fd79d0b689,cnt_5262d9d19c56b
670,trm_4a3fd79d0a862,cnt_5106f549c82ae
671,trm_4a3fd79d09d64,cnt_4dfa523d45d5b
672,trm_4a3fd79d0abaa,cnt_4dfa523d45d5b
673,trm_4a3fd79d0adf4,cnt_4dfa523d45d5b
674,trm_4aae62e4ad209,cnt_4dfa523d45d5b
675,trm_557b491318742,cnt_553a7740160a3
676,trm_55b6b910b4b23,cnt_553a7740160a3
677,trm_4a3fd79d0a116,cnt_4dfa3ef2bcbf0
678,trm_4a3fd79d0b44c,cnt_4e01263d51c93
679,trm_4a3fd79d0a78d,cnt_5262d709f36dd
680,trm_4a3fd79d0b4cd,cnt_4dffb9c632156
681,trm_4a3fd79d0b0bd,cnt_4dffb9c632156
682,trm_4aae62e4ad209,cnt_4dffb9c632156
683,trm_4a3fd79d0b87a,cnt_4e022d7430161
684,trm_4a3fd79d0b44c,cnt_4e022d7430161
685,trm_4a3fd79d0b357,cnt_5255cbcce4b86
686,trm_4a3fd79d0b9dd,cnt_501702188843e
687,trm_4a3fd79d0b014,cnt_523df8243edb4
688,trm_4a3fd79d0aec1,cnt_5262cba00d9d1
689,trm_557b4a7315f1b,cnt_553eb5457e145
690,trm_5595bd6c61d78,cnt_553eb5457e145
691,trm_4a3fd79d0af71,cnt_553eb5457e145
692,trm_4a3fd79d0a17f,cnt_5022ec302de82
693,trm_557b48d40d3cf,cnt_5679bec3715cd
694,trm_4a3fd79d0a30c,cnt_4de584598a9c7
695,trm_525d8f3ed78a2,cnt_525d882970b5d
696,trm_4a3fd79d0a995,cnt_4dfa7d117d48f
697,trm_4a3fd79d0addc,cnt_4dfa7d117d48f
698,trm_4a3fd79d0ba01,cnt_4be6ec6e29f57
699,trm_4a3fd79d09ab2,cnt_55a302cbb1f7c
700,trm_4a3fd79d0a51c,cnt_50b667617b8fb
701,trm_4a3fd79d09902,cnt_50070f5d10c03
702,trm_4a3fd79d0a398,cnt_4de677aa1e1bb
703,trm_4a3fd79d0a972,cnt_5007421b7d846
704,trm_4a3fd79d0b08f,cnt_4df68cac967cc
705,trm_4a3fd79d098c9,cnt_4df68cac967cc
706,trm_4a3fd79d0a95a,cnt_4dfbcad0d0f28
707,trm_4a3fd79d09d9e,cnt_51ec19f5be290
708,trm_4a3fd79d0b457,cnt_52167f804e5e1
709,trm_4a3fd79d0afcf,cnt_55399f8675b23
710,trm_557b4a81a4a17,cnt_55399f8675b23
711,trm_557b48a224b95,cnt_55399f8675b23
712,trm_4a3fd79d0b0f7,cnt_4de93d2864ae9
713,trm_4a3fd79d0b95b,cnt_4de93d2864ae9
714,trm_4a3fd79d0b457,cnt_4de93d2864ae9
715,trm_523e00f356226,cnt_523df7166b0aa
716,trm_4a3fd79d0b908,cnt_4de7d0b31ce2e
717,trm_4a3fd79d0a9dc,cnt_57964ea91ff76
718,trm_4a3fd79d0a891,cnt_57964ea91ff76
719,trm_4a3fd79d09902,cnt_57964ea91ff76
720,trm_4a3fd79d0a769,cnt_57964ea91ff76
721,trm_557b4ab076338,cnt_57964ea91ff76
722,trm_4a3fd79d0b95b,cnt_57964ea91ff76
723,trm_4c3e05903e4bb,cnt_55314b1edb310
724,trm_557b4b8cd05ca,cnt_55314b1edb310
725,trm_557b4aeaeb744,cnt_55314b1edb310
726,trm_557b4a7315f1b,cnt_55314b1edb310
727,trm_4a3fd79d0af71,cnt_55314b1edb310
728,trm_525d8f3ed78a2,cnt_5269451644ae7
729,trm_4a3fd79d0ba48,cnt_50f582e4f0a26
730,trm_4a3fd79d09e87,cnt_5007217a45778
731,trm_52090251db8c8,cnt_523f5c34d27c1
732,trm_523e0419ec219,cnt_525d876e43942
733,trm_4a3fd79d0b689,cnt_524b4bc9ee0a0
734,trm_4a3fd79d0a116,cnt_4df91dc172a88
735,trm_4a3fd79d0b5fb,cnt_4df91dc172a88
736,trm_4a3fd79d0a196,cnt_525c57bbddf7c
737,trm_4a3fd79d0b340,cnt_4de6d03ae67ac
738,trm_4a3fd79d0a7f8,cnt_4de6d03ae67ac
739,trm_4a3fd79d0b4b5,cnt_55a3018591a8d
740,trm_50070dce14554,cnt_525c57d12435a
741,trm_4a3fd79d0a775,cnt_502199a142cab
742,trm_4a3fd79d0a7bb,cnt_52167fb957a15
743,trm_4a3fd79d0a8ed,cnt_4e012662da2d7
744,trm_4a3fd79d09f64,cnt_4e012662da2d7
745,trm_4a3fd79d0b95b,cnt_527281e1d41da
746,trm_4a3fd79d0b4b5,cnt_55a30247227e5
747,trm_4a3fd79d0a81b,cnt_5021ae2c2ab3c
748,trm_523e034f9e69a,cnt_525d8738330eb
749,trm_4a3fd79d0b4b5,cnt_52694f2f10eef
750,trm_4a3fd79d0b892,cnt_4dfa6bad0c724
751,trm_4a3fd79d0b87a,cnt_4dfa6bad0c724
752,trm_4a3fd79d0b340,cnt_4dfa6bad0c724
753,trm_4a3fd79d0b8e5,cnt_500daccbafe09
754,trm_557b4b652cbec,cnt_553e8672a9f1d
755,trm_52068e5bd9aa1,cnt_52405600433b6
756,trm_4a3fd79d09810,cnt_4df938dc89175
757,trm_4a3fd79d0b077,cnt_5262da1dbe022
758,trm_4a3fd79d09ab2,cnt_55a3036a4175b
759,trm_55b6b910b4b23,cnt_5531528989cc7
760,trm_4a3fd79d098c9,cnt_50240446b8e2e
761,trm_4a3fd79d0b5ef,cnt_5022eb6a0eabd
762,trm_4a3fd79d0b7f4,cnt_5022b5727f9d6
763,trm_4a3fd79d0a972,cnt_4ded51930eba6
764,trm_4a3fd79d09d9e,cnt_5255cb8a5a7c9
765,trm_4a3fd79d09849,cnt_5298e8b54ac46
766,trm_4a3fd79d0b0f7,cnt_4de93e2a13bb5
767,trm_4a3fd79d0a4f9,cnt_4de93e2a13bb5
768,trm_4a3fd79d0b95b,cnt_4de93e2a13bb5
769,trm_4a3fd79d0b457,cnt_4de93e2a13bb5
770,trm_4a3fd79d0b49e,cnt_4de93e2a13bb5
771,trm_4a3fd79d09d4d,cnt_4dee50e19a0a5
772,trm_50f382d7abdff,cnt_52694f7753cc0
773,trm_4a3fd79d0b64e,cnt_4de6b5d032f89
774,trm_5022ef7599294,cnt_523df733af85f
775,trm_4a3fd79d0b95b,cnt_527281ac7d9b4
776,trm_4a3fd79d0afcf,cnt_4de7d90ca34da
777,trm_4a3fd79d09c3f,cnt_50f7303ade3dd
778,trm_4a3fd79d0b392,cnt_4de7de54cdce7
779,trm_4a3fd79d0b7f4,cnt_5021b53e64523
780,trm_4a3fd79d0b18f,cnt_4dfa93ee97bc8
781,trm_4a3fd79d0b1e0,cnt_50f9db1e70ebe
782,trm_4a3fd79d0b014,cnt_52583ba6ea3bd
783,trm_557b4a7315f1b,cnt_55314aff55913
784,trm_4c3e05903e4bb,cnt_55314aff55913
785,trm_557b477b4a15f,cnt_55314aff55913
786,trm_557b4af7cc1cb,cnt_55314aff55913
787,trm_4a3fd79d0af71,cnt_55314aff55913
788,trm_4a3fd79d0ab70,cnt_5020421e4a79e
789,trm_4a3fd79d0995e,cnt_4df69a929ce35
790,trm_4a3fd79d0971e,cnt_4df69a929ce35
791,trm_557b476527a27,cnt_553a7683a550a
792,trm_4a3fd79d09af8,cnt_553e860cb6e0a
793,trm_558c7ae1eaf86,cnt_553e860cb6e0a
794,trm_523e034f9e69a,cnt_525c572fd0e6b
795,trm_4a3fd79d0b802,cnt_4df13d6084e80
796,trm_4a3fd79d0a833,cnt_4df13d6084e80
797,trm_52405e33adafa,cnt_52405c0bec117
798,trm_4a3fd79d0b13d,cnt_52718a55b30db
799,trm_4a3fd79d0a775,cnt_52717cd1461e2
800,trm_4b7c270940f9d,cnt_5016e5c349611
801,trm_525c58f9aabae,cnt_525c577f94423
802,trm_4a3fd79d0a398,cnt_4de6722368730
803,trm_4a3fd79d0b4d8,cnt_4de6875390f37
804,trm_4a3fd79d0b5fb,cnt_4bd1ec505dd14
805,trm_4a3fd79d0b607,cnt_4bd1ec505dd14
806,trm_4a3fd79d0a972,cnt_4e03ae76b40ab
807,trm_557b4b9ccdc4a,cnt_5798c78bcea27
808,trm_4a3fd79d0b58f,cnt_5798c78bcea27
809,trm_4a3fd79d09f64,cnt_4e012722eeb57
810,trm_52583d9f2ad98,cnt_52583bd8020da
811,trm_523e034f9e69a,cnt_52717eeade9e5
812,trm_4a3fd79d0a54b,cnt_525c5bbee5aa5
813,trm_4a3fd79d0b4cd,cnt_5005b3ba37b11
814,trm_52090251db8c8,cnt_525c4d2927062
815,trm_4a3fd79d0b1e0,cnt_50f862a47dd49
816,trm_557b4b652cbec,cnt_55399e44106d4
817,trm_557b49206928b,cnt_55399e44106d4
818,trm_4c3e05903e4bb,cnt_55399e44106d4
819,trm_4a3fd79d0b4b5,cnt_5262d6f024e7d
820,trm_4a3fd79d0b1a6,cnt_4dffdf0929a7b
821,trm_4a3fd79d0b1a6,cnt_4e037a9a47d41
822,trm_4a3fd79d0b5ef,cnt_4df26816e1c98
823,trm_4a3fd79d0b1a6,cnt_4df26816e1c98
824,trm_4a3fd79d0aec1,cnt_4df26816e1c98
825,trm_4a3fd79d0adf4,cnt_4df26816e1c98
826,trm_4aae62e4ad209,cnt_4df26816e1c98
827,trm_4a3fd79d0b87a,cnt_4dfa709c313b1
828,trm_4a3fd79d0b37a,cnt_4dff80aec63b6
829,trm_558c7b5228ed4,cnt_553e865074ad4
830,trm_4aae62e4ad209,cnt_50f84d060a842
831,trm_4a3fd79d0b613,cnt_4b7c101e9b549
832,trm_4a3fd79d0a9a1,cnt_4dee50d11696f
833,trm_4a3fd79d0a95a,cnt_4e027155c037c
834,trm_4a3fd79d09902,cnt_5005c1421ee49
835,trm_4b82c75498408,cnt_4b7c0325a9f17
836,trm_4a3fd79d0a81b,cnt_4b7c0325a9f17
837,trm_4a3fd79d0b507,cnt_4b7c0325a9f17
838,trm_4a3fd79d0b014,cnt_5298e8c899b82
839,trm_4a3fd79d0b64e,cnt_4de7d854ceb50
840,trm_4a3fd79d0a666,cnt_5798f639d1544
841,trm_4a3fd79d0a038,cnt_50b40c06406f1
842,trm_4a3fd79d0b5ef,cnt_51ec19df23bcb
843,trm_4a3fd79d0b607,cnt_4b7c10b1b1de1
844,trm_4a3fd79d0b607,cnt_4b7c10b1b1de1
845,trm_4a3fd79d09df0,cnt_4b7c10b1b1de1
846,trm_4aae62e4ad209,cnt_4b7c10b1b1de1
847,trm_523e053844495,cnt_523df7c01a116
848,trm_50070dce14554,cnt_50070d3b312f4
849,trm_4a3fd79d09713,cnt_4df6a3169f42a
850,trm_4a3fd79d0b238,cnt_4df6a3169f42a
851,trm_4a3fd79d0b247,cnt_4df6a3169f42a
852,trm_4f4511e519b53,cnt_51ec1a03c57f1
853,trm_52090251db8c8,cnt_524b575f2b696
854,trm_50070dce14554,cnt_523f5c5e490b9
855,trm_4a3fd79d09902,cnt_50295799192b3
856,trm_4a3fd79d0ba6c,cnt_4dfbaef575808
857,trm_4a3fd79d09c5b,cnt_55410992b9c4b
858,trm_50070dce14554,cnt_5022b85961b86
859,trm_4a3fd79d0b44c,cnt_5262c996e744b
860,trm_4a3fd79d0ac9e,cnt_4dfa6be222aa7
861,trm_4a3fd79d0b87a,cnt_4dfa6be222aa7
862,trm_4a3fd79d0a80f,cnt_4de7e54b3b8d8
863,trm_4a3fd79d0a81b,cnt_4de7e54b3b8d8
864,trm_4a3fd79d0a072,cnt_4de7e54b3b8d8
865,trm_4a3fd79d0aec1,cnt_4de7e54b3b8d8
866,trm_4a3fd79d0b46f,cnt_4e0101e7e8898
867,trm_4a3fd79d09902,cnt_55a3010bbd12c
868,trm_4a3fd79d0abc1,cnt_5272813e7ad58
869,trm_4b7c270940f9d,cnt_5016e59e25341
870,trm_4a3fd79d0b457,cnt_4e012e2269d7d
871,trm_4a3fd79d0b311,cnt_50f851f7a2cf5
872,trm_4a3fd79d0b4a9,cnt_4de678e027440
873,trm_4a3fd79d0b607,cnt_4dfa42ba0f7c2
874,trm_523e0419ec219,cnt_52405c167b088
875,trm_4a3fd79d0a17f,cnt_5022e4acafe58
876,trm_5159c70d0e98e,cnt_5585c855ab224
877,trm_4a3fd79d0b5ef,cnt_5298e7de72d54
878,trm_4a3fd79d0b083,cnt_50eb183de4efb
879,trm_4a3fd79d09cae,cnt_4de6a278a7dd5
880,trm_4a3fd79d0ba01,cnt_4de6a278a7dd5
881,trm_4a3fd79d0ba6c,cnt_4de6a278a7dd5
882,trm_4a3fd79d0a04f,cnt_55a306a830bfc
883,trm_4a3fd79d0a20c,cnt_55399d6bcd8dc
884,trm_557b4b3a6a34d,cnt_55399d6bcd8dc
885,trm_4a3fd79d0af71,cnt_55399d6bcd8dc
886,trm_557b4a7315f1b,cnt_55399d6bcd8dc
887,trm_557b49851e991,cnt_55399d6bcd8dc
888,trm_557b491318742,cnt_55399d6bcd8dc
889,trm_4a3fd79d0af66,cnt_55399d6bcd8dc
890,trm_557b474e2b578,cnt_55399d6bcd8dc
891,trm_4a3fd79d0a04f,cnt_55a30725ee445
892,trm_4a3fd79d0a54b,cnt_525c4ccfd861d
893,trm_4a3fd79d0b9dd,cnt_502ac644ac8c8
894,trm_4a3fd79d0b49e,cnt_52168231ae8b5
895,trm_5159c70d0e98e,cnt_525d86eb4aeaa
896,trm_4a3fd79d0a972,cnt_4de92b983089e
897,trm_4a3fd79d0a775,cnt_5798cd3deaac0
898,trm_4a3fd79d0a9a1,cnt_5798cd3deaac0
899,trm_557b4a7315f1b,cnt_5798cd3deaac0
900,trm_55b6b98b88f45,cnt_553152908ac51
901,trm_4aae62e4ad209,cnt_4de95f0aa8476
902,trm_4a3fd79d0b05e,cnt_4de95f0aa8476
903,trm_4b65259eeee34,cnt_4e038151ee9fb
904,trm_4a3fd79d09e9e,cnt_5024120d1b9af
905,trm_4a3fd79d0971e,cnt_4df24f7376278
906,trm_4a3fd79d09b04,cnt_4df24f7376278
907,trm_52090251db8c8,cnt_529ce0ceec559
908,trm_4b6525253c63f,cnt_4de7d90024fe4
909,trm_4a3fd79d0b7f4,cnt_5022b4da18b61
910,trm_557b491318742,cnt_553a768dc270f
911,trm_55b6b910b4b23,cnt_553a768dc270f
912,trm_4a3fd79d09d35,cnt_4dee593ebfcc7
913,trm_4a3fd79d0b247,cnt_4e02654a92111
914,trm_4ee8facd77dfc,cnt_527186d95c3cb
915,trm_557b4b154e0d9,cnt_55314b49e5c9d
916,trm_4a3fd79d0af71,cnt_55314b49e5c9d
917,trm_557b4a7315f1b,cnt_55314b49e5c9d
918,trm_55c6f87595b39,cnt_55314b49e5c9d
919,trm_4a3fd79d0b908,cnt_579615e961f37
920,trm_4a3fd79d0aa47,cnt_553a6640aa059
921,trm_557b4ab076338,cnt_553a6640aa059
922,trm_4aae62e4ad209,cnt_4e496d6e12225
923,trm_4a3fd79d09cae,cnt_4dffd3273f13e
924,trm_4a3fd79d0adf4,cnt_50eb1b6d46337
925,trm_4b7c270940f9d,cnt_5016e5cec4bf4
926,trm_55c6f58e77fbe,cnt_55314a1a5514c
927,trm_558c7b14c076e,cnt_55314a1a5514c
928,trm_4a3fd79d0b1e0,cnt_5007128e8defa
929,trm_523c7ba79c2f1,cnt_523c7cf0ea7b4
930,trm_551f0f822d95e,cnt_55a30468444a6
931,trm_551f11bb8f6a8,cnt_55a30468444a6
932,trm_52068e5bd9aa1,cnt_5208fff0019d6
933,trm_557b49ad14adf,cnt_553a6fb033bb0
934,trm_551f0f822d95e,cnt_55a3056e571ca
935,trm_4a3fd79d0b160,cnt_52405be30419a
936,trm_4fb3f4d58aeb0,cnt_4fb3f6ec53aa5
937,trm_510059e54b2cf,cnt_4fb3f6ec53aa5
938,trm_510059e54b2cf,cnt_4fb3f6ec53aa5
939,trm_4a3fd79d0b34b,cnt_5796442240254
940,trm_523ca883711cc,cnt_523ca9488df58
941,trm_557b4b3a6a34d,cnt_553a68284e225
942,trm_557b4b9ccdc4a,cnt_553a68284e225
943,trm_557b493e4203a,cnt_553a68284e225
944,trm_4a3fd79d0af71,cnt_553a68284e225
945,trm_557b4a7315f1b,cnt_553a68284e225
946,trm_4a3fd79d09c28,cnt_553a68284e225
947,trm_557b4993a0fdd,cnt_553a68284e225
948,trm_4a3fd79d0ac9e,cnt_4de56f49c2858
949,trm_4a3fd79d0b5a7,cnt_4de56f49c2858
950,trm_523e0419ec219,cnt_523df778821d2
951,trm_4a3fd79d0a61f,cnt_4dff8603c1398
952,trm_4a3fd79d0a3f6,cnt_5106ec3ec9e23
953,trm_4a3fd79d0a04f,cnt_52167f957d6ea
954,trm_4b65259eeee34,cnt_4e5d087f98fb2
955,trm_50070dce14554,cnt_50215d225f015
956,trm_557b4b9ccdc4a,cnt_553a65b8b5a92
957,trm_557b4ab076338,cnt_553a65b8b5a92
958,trm_4a3fd79d0af71,cnt_553a65b8b5a92
959,trm_557b4a7315f1b,cnt_553a65b8b5a92
960,trm_4a3fd79d0a78d,cnt_52713da7a1f5d
961,trm_4a3fd79d0a9dc,cnt_527280fcbc7f6
962,trm_4a3fd79d0a7bb,cnt_5262d9e96079d
963,trm_4a3fd79d0a1f4,cnt_4f41830a3d5a9
964,trm_4a3fd79d0a04f,cnt_4f41830a3d5a9
965,trm_52090251db8c8,cnt_520900265b01d
966,trm_4a3fd79d0b014,cnt_524b4a79a1a62
967,trm_559f0986182cc,cnt_55ef43b5be6da
968,trm_4c3e05903e4bb,cnt_55ef43b5be6da
969,trm_4a3fd79d09902,cnt_5526f6aa83790
970,trm_557b478ce1c24,cnt_54f8cbcb6fab6
971,trm_557b4b3a6a34d,cnt_54f8cbcb6fab6
972,trm_557b4a7315f1b,cnt_54f8cbcb6fab6
973,trm_4a3fd79d0af71,cnt_54f8cbcb6fab6
974,trm_4a3fd79d09c28,cnt_54f8cbcb6fab6
975,trm_4a3fd79d09ab2,cnt_55245849e85e0
976,trm_4a3fd79d0aac8,cnt_55245849e85e0
977,trm_4a3fd79d0b4b5,cnt_55245849e85e0
978,trm_4a3fd79d0b154,cnt_5255c9fbe77f0
979,trm_4a3fd79d09902,cnt_523df6dc5a14b
980,trm_4a3fd79d0b892,cnt_4dfa3ebab2930
981,trm_4a3fd79d09b04,cnt_4dfa3ebab2930
982,trm_4a3fd79d0971e,cnt_4dfa3ebab2930
983,trm_4a3fd79d0ac9e,cnt_526027fdc9141
984,trm_557b4b8cd05ca,cnt_55314b5e393d2
985,trm_557b4aeaeb744,cnt_55314b5e393d2
986,trm_4a3fd79d0af71,cnt_55314b5e393d2
987,trm_557b4a7315f1b,cnt_55314b5e393d2
988,trm_5159c8a5d3d13,cnt_525c4d10ef555
989,trm_523ca7e778c50,cnt_523ca992819fd
990,trm_4a3fd79d0ac93,cnt_52602e7ab102f
991,trm_5159c8a5d3d13,cnt_5262d98b148af
992,trm_4a3fd79d0a775,cnt_5271387cc163d
993,trm_4a3fd79d0a972,cnt_5007432c64f97
994,trm_4a3fd79d0b5a7,cnt_50eb17d3cde37
995,trm_55b6b952c1b4c,cnt_5531528173117
996,trm_558c736199abd,cnt_553a6e52baf3b
997,trm_523e034f9e69a,cnt_523df74587157
998,trm_559f09a5cdca9,cnt_553e7a5b2584d
999,trm_4a3fd79d0af66,cnt_4b44a5321112e
1000,trm_4a3fd79d09902,cnt_5007088618bd2
1001,trm_4a3fd79d0a775,cnt_4dff9a6e99c08
1002,trm_4a3fd79d0b826,cnt_4dff9a6e99c08
1003,trm_4a3fd79d09ab2,cnt_55a303261a647
1004,trm_4a3fd79d096f0,cnt_50f99541d75ac
1005,trm_4a3fd79d0b077,cnt_4e01268a18f79
1006,trm_523c7c886b614,cnt_523c7d2b82709
1007,trm_4a3fd79d098e0,cnt_525d87fb5b1f1
1008,trm_4a3fd79d0b46f,cnt_4df91d85ed597
1009,trm_4a3fd79d0a116,cnt_4df91d85ed597
1010,trm_4a3fd79d0b5fb,cnt_4df91d85ed597
1011,trm_4a3fd79d0b4b5,cnt_523f592b5aaf9
1012,trm_4c3e0646a2408,cnt_573609d150d95
1013,trm_4a3fd79d0b832,cnt_4df8fc0a76f53
1014,trm_4a3fd79d0b802,cnt_4df8fc0a76f53
1015,trm_50eb5469ba37a,cnt_50eb53a183bb6
1016,trm_4a3fd79d0b1a6,cnt_4e00e397017e2
1017,trm_4a3fd79d0b4b5,cnt_4e00e397017e2
1018,trm_4a3fd79d0b0c8,cnt_4e038b1c6fd1f
1019,trm_557b4b3a6a34d,cnt_4cacf26718047
1020,trm_4a3fd79d09c28,cnt_4cacf26718047
1021,trm_4a3fd79d0af71,cnt_4cacf26718047
1022,trm_557b4a7315f1b,cnt_4cacf26718047
1023,trm_5022ef7599294,cnt_524b4b1c6dd43
1024,trm_4a3fd79d0b58f,cnt_4de7c6ae5a2a1
1025,trm_4a3fd79d0b44c,cnt_5106f430082a0
1026,trm_4fa3afaeef512,cnt_523df7fc9aa9f
1027,trm_4a3fd79d0a972,cnt_50eb4e0450867
1028,trm_4a3fd79d0b1a6,cnt_4df26493887a0
1029,trm_4a3fd79d0b392,cnt_4de7ddfb129a6
1030,trm_4f4511e519b53,cnt_520613c2e388b
1031,trm_4a3fd79d0a398,cnt_4de671e75974e
1032,trm_4a3fd79d0b154,cnt_525c4abf79872
1033,trm_4a3fd79d0b392,cnt_4dffaa78530b6
1034,trm_4a3fd79d0b67d,cnt_4dffaa78530b6
1035,trm_4a3fd79d0a1a2,cnt_4dffaa78530b6
1036,trm_557b4add1837e,cnt_55399fa95aaee
1037,trm_557b4aa070c10,cnt_4ebca1f15eb7d
1038,trm_557b474e2b578,cnt_4ebca1f15eb7d
1039,trm_557b491318742,cnt_4ebca1f15eb7d
1040,trm_4a3fd79d0af66,cnt_4ebca1f15eb7d
1041,trm_4a3fd79d09713,cnt_4df7af3c32a49
1042,trm_4a3fd79d0a769,cnt_52717634eaa19
1043,trm_4a3fd79d09ab2,cnt_55a303c74baf9
1044,trm_523e034f9e69a,cnt_5297c9a46ea03
1045,trm_4a3fd79d0b4a9,cnt_55399e5388e65
1046,trm_557b4904ee26d,cnt_55399e5388e65
1047,trm_4c3e05903e4bb,cnt_55399e5388e65
1048,trm_4a3fd79d0b1a6,cnt_529cfb9f8cce6
1049,trm_4a3fd79d0b4b5,cnt_4df69c712873f
1050,trm_4a3fd79d09e9e,cnt_50241122ad82b
1051,trm_4a3fd79d09cae,cnt_4de6a2f38a5ed
1052,trm_4a3fd79d0ba01,cnt_4de6a2f38a5ed
1053,trm_4a3fd79d09902,cnt_50295d51eda87
1054,trm_4a3fd79d0a504,cnt_4dee50b24d8c4
1055,trm_4a3fd79d09713,cnt_4dffb78e1edc6
1056,trm_50070dce14554,cnt_5298e85d6d494
1057,trm_4a3fd79d0af71,cnt_4ebca202935c6
1058,trm_557b4b3a6a34d,cnt_4ebca202935c6
1059,trm_557b4a7315f1b,cnt_4ebca202935c6
1060,trm_557b49851e991,cnt_4ebca202935c6
1061,trm_557b4aa070c10,cnt_4ebca202935c6
1062,trm_557b491318742,cnt_4ebca202935c6
1063,trm_4a3fd79d0af66,cnt_4ebca202935c6
1064,trm_557b474e2b578,cnt_4ebca202935c6
1065,trm_4a3fd79d0a20c,cnt_4ebca202935c6
1066,trm_557b4b3a6a34d,cnt_553a682f464e7
1067,trm_557b4b9ccdc4a,cnt_553a682f464e7
1068,trm_557b48e337218,cnt_553a682f464e7
1069,trm_4a3fd79d0af71,cnt_553a682f464e7
1070,trm_557b4a7315f1b,cnt_553a682f464e7
1071,trm_4a3fd79d09c28,cnt_553a682f464e7
1072,trm_4a3fd79d0a20c,cnt_553a682f464e7
1073,trm_557b4993a0fdd,cnt_553a682f464e7
1074,trm_4a3fd79d09902,cnt_50295a3179605
1075,trm_4a3fd79d0b8c1,cnt_4de929f98367a
1076,trm_4a3fd79d0ba01,cnt_4de929f98367a
1077,trm_5022ef7599294,cnt_5022f0d06e757
1078,trm_4a3fd79d0ba0d,cnt_55a30418945f9
1079,trm_551f0f822d95e,cnt_55a30418945f9
1080,trm_551f11bb8f6a8,cnt_55a30418945f9
1081,trm_5678a999f1c19,cnt_4ebcaa52e7dbd
1082,trm_557b4b47d994a,cnt_4ebcaa52e7dbd
1083,trm_4a3fd79d0af71,cnt_4ebcaa52e7dbd
1084,trm_4c3e05903e4bb,cnt_4ebcaa52e7dbd
1085,trm_4a3fd79d0a972,cnt_52991172871a9
1086,trm_557b4b56de455,cnt_55399f7c60721
1087,trm_4a3fd79d0af71,cnt_55399f7c60721
1088,trm_557b4a7315f1b,cnt_55399f7c60721
1089,trm_4a3fd79d0b64e,cnt_55399f7c60721
1090,trm_567982752ff4a,cnt_55399f7c60721
1091,trm_4a3fd79d0b6ad,cnt_4e026dfa02b6d
1092,trm_4a3fd79d0b014,cnt_4e026dfa02b6d
1093,trm_4a3fd79d0b4cd,cnt_4e00ffaa486fa
1094,trm_4a3fd79d0aeb6,cnt_4e039557ad404
1095,trm_4a3fd79d0b802,cnt_4e039557ad404
1096,trm_4a3fd79d0b392,cnt_553a689b663ed
1097,trm_4a3fd79d0aeaa,cnt_52728205170c9
1098,trm_4a3fd79d0b689,cnt_52405c29582fb
1099,trm_4a3fd79d0b80f,cnt_4e0253808fe82
1100,trm_4a3fd79d0b247,cnt_4e0253808fe82
1101,trm_4a3fd79d0a17f,cnt_5022f1079e925
1102,trm_4a3fd79d0b5a7,cnt_515490d277b2e
1103,trm_4a3fd79d0a7f8,cnt_4de6d1650c739
1104,trm_4a3fd79d0a398,cnt_4de671af5aeb3
1105,trm_4a3fd79d0addc,cnt_4e08fdee5aec9
1106,trm_5159c70d0e98e,cnt_52583b494605a
1107,trm_4a3fd79d0aeaa,cnt_52700c2f1cfc3
1108,trm_4a3fd79d0a862,cnt_52700c2f1cfc3
1109,trm_4a3fd79d09ab2,cnt_55a30313da429
1110,trm_4a3fd79d0a116,cnt_4dfa4752a1120
1111,trm_4a3fd79d0a613,cnt_4dfa4752a1120
1112,trm_4a3fd79d0ba6c,cnt_4df92bccc5ae1
1113,trm_4a3fd79d0b083,cnt_50200ddfae9f9
1114,trm_4a3fd79d0a972,cnt_4e08fe37729fc
1115,trm_4a3fd79d09e07,cnt_4e03b364135e2
1116,trm_4a3fd79d0a81b,cnt_4e03b364135e2
1117,trm_52068e5bd9aa1,cnt_5255cc441ddfb
1118,trm_4a3fd79d0b80f,cnt_4e0237ba58871
1119,trm_4a3fd79d0b607,cnt_50046d4f1c8a1
1120,trm_50eb56a7867db,cnt_50eb55fe03a71
1121,trm_4a3fd79d0b148,cnt_5255cc169ffda
1122,trm_4a3fd79d0b160,cnt_4df689fe846de
1123,trm_4a3fd79d09883,cnt_5262d994b86f1
1124,trm_4a3fd79d0a398,cnt_4de671d131ff9
1125,trm_4e31ced566649,cnt_52694fa003431
1126,trm_4b7c270940f9d,cnt_4ded4dc5b5118
1127,trm_4a3fd79d0a3d2,cnt_5271869901fb5
1128,trm_4a3fd79d0a769,cnt_52713b2a0d0e7
1129,trm_4a3fd79d0ad41,cnt_4e023c2ae3c76
1130,trm_557b494ca540d,cnt_4cacee8ad4b14
1131,trm_4a3fd79d0b1a6,cnt_4e00ccaa100fd
1132,trm_4a3fd79d0b340,cnt_4dff7fcf1b8a2
1133,trm_4a3fd79d0b37a,cnt_4dff7fcf1b8a2
1134,trm_4a3fd79d0b077,cnt_4e0126dc131ec
1135,trm_4a3fd79d0a81b,cnt_4e0126dc131ec
1136,trm_4a3fd79d0af7d,cnt_4e0133e4d4fe1
1137,trm_52068e5bd9aa1,cnt_52168a9794c01
1138,trm_4a3fd79d0aeb6,cnt_5798f8797e2d6
1139,trm_51a690a7492eb,cnt_526994fa6650a
1140,trm_4a3fd79d0a972,cnt_4ded2a911252c
1141,trm_4a3fd79d0afc3,cnt_4ded2a911252c
1142,trm_4a3fd79d0a9a1,cnt_4ded2a911252c
1143,trm_525d8b8908809,cnt_525d859ac7a85
1144,trm_5022ef7599294,cnt_52405bbeec6bc
1145,trm_4a3fd79d0b61f,cnt_4de6c00e51eda
1146,trm_52583dceb345e,cnt_52583bc89a63b
1147,trm_4a3fd79d0b5a7,cnt_4b4a609f11b96
1148,trm_4a3fd79d0b92c,cnt_4b4a609f11b96
1149,trm_4a3fd79d0b5a7,cnt_4b4a609f11b96
1150,trm_4a3fd79d0a78d,cnt_5255c9e5a349e
1151,trm_4a3fd79d0b5fb,cnt_52dfa1b677494
1152,trm_4a3fd79d0a972,cnt_4de963f853b03
1153,trm_4a3fd79d0b689,cnt_523df759d51e4
1154,trm_4a3fd79d0b1a6,cnt_4e011aded6b9e
1155,trm_4a3fd79d09f64,cnt_4e011aded6b9e
1156,trm_4a3fd79d0b95b,cnt_52728198e8de8
1157,trm_5595bd89d77c6,cnt_553eb550dc520
1158,trm_4a3fd79d0af71,cnt_553eb550dc520
1159,trm_557b4a7315f1b,cnt_553eb550dc520
1160,trm_4b82c75498408,cnt_5255cbe8f3d77
1161,trm_557b4b3a6a34d,cnt_4b44a4d544ee7
1162,trm_4a3fd79d0af71,cnt_4b44a4d544ee7
1163,trm_557b4a7315f1b,cnt_4b44a4d544ee7
1164,trm_557b49851e991,cnt_4b44a4d544ee7
1165,trm_4aae62e4ad209,cnt_5016e1b12e5c8
1166,trm_52068e5bd9aa1,cnt_5262d9fd26a5f
1167,trm_4a3fd79d098c9,cnt_5262cc12a3d87
1168,trm_4a3fd79d098c9,cnt_5023f9f966183
1169,trm_50eb692db57eb,cnt_50eb6892e9317
1170,trm_4a3fd79d0addc,cnt_4dfa7d1ad09a6
1171,trm_4a3fd79d09c5b,cnt_55410975ce70b
1172,trm_557b482a7c62b,cnt_55410975ce70b
1173,trm_4a3fd79d0b392,cnt_55410975ce70b
1174,trm_4a3fd79d0a908,cnt_4dee551d3a46b
1175,trm_4a3fd79d0b64e,cnt_4dfa3bb649f8a
1176,trm_4a3fd79d0ae7b,cnt_50f84d6fe2b09
1177,trm_4a3fd79d0a81b,cnt_4e011a8762e55
1178,trm_4a3fd79d0a375,cnt_4e011a8762e55
1179,trm_4a3fd79d0a30c,cnt_50f99e5dc7aff
1180,trm_4a3fd79d0b1a6,cnt_4dfb9a322c52f
1181,trm_4a3fd79d0b1d5,cnt_501715cead551
1182,trm_4aae62e4ad209,cnt_4df28c7e2f855
1183,trm_4a3fd79d0a1f4,cnt_4de96cd8c9aad
1184,trm_4a3fd79d09b1c,cnt_4de96cd8c9aad
1185,trm_5021873f37abc,cnt_5021877eb2bcf
1186,trm_4a3fd79d0af71,cnt_54f8cb27bce65
1187,trm_557b4b47d994a,cnt_54f8cb27bce65
1188,trm_55b6b9a666604,cnt_54f8cb27bce65
1189,trm_557b4b56de455,cnt_55399f9ac9c55
1190,trm_5534111a8bc96,cnt_55399f9ac9c55
1191,trm_4a3fd79d0ac87,cnt_526028bb8afc0
1192,trm_551f0f822d95e,cnt_55a304d1cfc84
1193,trm_4a3fd79d0adf4,cnt_52728224d01c3
1194,trm_523e024c14df9,cnt_523df727b2b2d
1195,trm_4a3fd79d0ab65,cnt_52728113402ad
1196,trm_558c7439832d9,cnt_5181f83b8eaae
1197,trm_4a3fd79d0af71,cnt_5181f83b8eaae
1198,trm_55ef3ba010121,cnt_5181f83b8eaae
1199,trm_557b49851e991,cnt_5181f83b8eaae
1200,trm_4a3fd79d098c9,cnt_5023ff000759f
1201,trm_500d8bcf5f29a,cnt_50f37cfea325a
1202,trm_4a3fd79d0b1a6,cnt_4e0219a2de6be
1203,trm_4a3fd79d0b5ef,cnt_4e0219a2de6be
1204,trm_4a3fd79d09de4,cnt_4e0219a2de6be
1205,trm_4aae62e4ad209,cnt_4e0219a2de6be
1206,trm_4a3fd79d0ac87,cnt_4df914f00dd42
1207,trm_4a3fd79d0b80f,cnt_4df914f00dd42
1208,trm_4a3fd79d0ba6c,cnt_4df914f00dd42
1209,trm_50f382d7abdff,cnt_50f38168aba37
1210,trm_4a3fd79d0b65a,cnt_4deeb0951bd72
1211,trm_4a3fd79d0b13d,cnt_5297ca1f4b4b9
1212,trm_55b6b8e291dba,cnt_55314a10d4412
1213,trm_557b4b3a6a34d,cnt_4ebca72d737c1
1214,trm_4a3fd79d0af71,cnt_4ebca72d737c1
1215,trm_557b4a7315f1b,cnt_4ebca72d737c1
1216,trm_4a3fd79d09c28,cnt_4ebca72d737c1
1217,trm_4a3fd79d0b0f7,cnt_4de93e831c09d
1218,trm_4a3fd79d0b95b,cnt_4de93e831c09d
1219,trm_4a3fd79d0b457,cnt_4de93e831c09d
1220,trm_4a3fd79d0b967,cnt_4de93e831c09d
1221,trm_5159c8a5d3d13,cnt_52405bc94d887
1222,trm_4a3fd79d0a781,cnt_4df1456d05cab
1223,trm_4a3fd79d09d35,cnt_4df1456d05cab
1224,trm_4a3fd79d0b65a,cnt_4ded127195273
1225,trm_4a3fd79d0b08f,cnt_4ded127195273
1226,trm_4a3fd79d0b4d8,cnt_4ded127195273
1227,trm_4a3fd79d0b5a7,cnt_4ded127195273
1228,trm_4a3fd79d0ba6c,cnt_4ded127195273
1229,trm_4a3fd79d0b44c,cnt_4e011b28cebdc
1230,trm_523e024c14df9,cnt_523dfd6ddf9ef
1231,trm_523e0419ec219,cnt_523df7816b16b
1232,trm_52068e5bd9aa1,cnt_523c7d0de6735
1233,trm_4a3fd79d0b802,cnt_50f741b1591cf
1234,trm_557b4acdee820,cnt_55399e5ab094d
1235,trm_55ef1fd2bc418,cnt_55399e5ab094d
1236,trm_4c3e05903e4bb,cnt_55399e5ab094d
1237,trm_51a690a7492eb,cnt_5298ed53c8281
1238,trm_5022ef7599294,cnt_525c5771523cb
1239,trm_4a3fd79d0a775,cnt_52700566e4732
1240,trm_557b4b9ccdc4a,cnt_55399dc274d97
1241,trm_4a3fd79d0a20c,cnt_55399dc274d97
1242,trm_557b4993a0fdd,cnt_55399dc274d97
1243,trm_557b4b3a6a34d,cnt_55314757a78a1
1244,trm_557b4891e9265,cnt_55314757a78a1
1245,trm_557b4a7315f1b,cnt_55314757a78a1
1246,trm_4a3fd79d0af71,cnt_55314757a78a1
1247,trm_4a3fd79d0b967,cnt_52167fc85b968
1248,trm_4a3fd79d0b44c,cnt_4e03b8c2457b4
1249,trm_4a3fd79d0ba30,cnt_4dfbaf2722de5
1250,trm_4a3fd79d0aac8,cnt_4df67df7aaaea
1251,trm_4a3fd79d0995e,cnt_50eb0b3d09ef0
1252,trm_557b48d40d3cf,cnt_553a6e6f8336e
1253,trm_557b4b7e68727,cnt_553a6e6f8336e
1254,trm_4a3fd79d0b083,cnt_4df9011fa1f5b
1255,trm_4a3fd79d0a038,cnt_5005ca466073a
1256,trm_4a3fd79d09be2,cnt_502ade46b2038
1257,trm_4a3fd79d09f2a,cnt_4e08ed0d8815f
1258,trm_4a3fd79d0b34b,cnt_57964433e0efb
1259,trm_557b4af7cc1cb,cnt_55314b2a72bee
1260,trm_557b477b4a15f,cnt_55314b2a72bee
1261,trm_557b4a7315f1b,cnt_55314b2a72bee
1262,trm_4a3fd79d0af71,cnt_55314b2a72bee
1263,trm_4a3fd79d0a9a1,cnt_4ded518b33a0b
1264,trm_4a3fd79d0a95a,cnt_50f3bc8c135bc
1265,trm_4a3fd79d0b7f4,cnt_5021b5773a9ae
1266,trm_557b491318742,cnt_4c6b5fd5bfc41
1267,trm_557b474e2b578,cnt_4c6b5fd5bfc41
1268,trm_557b4b3a6a34d,cnt_4c6b5fd5bfc41
1269,trm_4a3fd79d0af71,cnt_4c6b5fd5bfc41
1270,trm_557b49851e991,cnt_4c6b5fd5bfc41
1271,trm_4a3fd79d0af66,cnt_4c6b5fd5bfc41
1272,trm_4a3fd79d0a78d,cnt_52713899ea192
1273,trm_558c7b5228ed4,cnt_553e85fc78496
1274,trm_4a3fd79d0af71,cnt_553e85fc78496
1275,trm_558c7b337080f,cnt_553e85fc78496
1276,trm_558c7b14c076e,cnt_553e85d4af020
1277,trm_4a3fd79d0af71,cnt_553e85d4af020
1278,trm_558c7b337080f,cnt_553e85d4af020
1279,trm_525c58f9aabae,cnt_5297c9dbcc0ef
1280,trm_4a3fd79d0ba0d,cnt_4e026543eae67
1281,trm_4a3fd79d098a6,cnt_4e026543eae67
1282,trm_4a3fd79d0b665,cnt_50f73673c04d8
1283,trm_4a3fd79d0a972,cnt_4de948beb7f3c
1284,trm_4a3fd79d0b4b5,cnt_4de948beb7f3c
1285,trm_4a3fd79d0ac9e,cnt_4ded480d5aec0
1286,trm_4a3fd79d0b5a7,cnt_4ded480d5aec0
1287,trm_4a3fd79d0a972,cnt_523f593964534
1288,trm_4a3fd79d0b154,cnt_523dfd9d6a5ba
1289,trm_4a3fd79d098a6,cnt_4e02624559a17
1290,trm_4a3fd79d0ba0d,cnt_4e02624559a17
1291,trm_4a3fd79d0a775,cnt_5022b5173b371
1292,trm_4a3fd79d0b64e,cnt_4de91ce5f279a
1293,trm_4a3fd79d0b5a7,cnt_4de929a613652
1294,trm_4a3fd79d0b8c1,cnt_4de929a613652
1295,trm_557b4b05ae470,cnt_553a6fbcbd6e6
1296,trm_4a3fd79d0af71,cnt_553a6fbcbd6e6
1297,trm_557b4a7315f1b,cnt_553a6fbcbd6e6
1298,trm_4a3fd79d0a22f,cnt_4e0381ab6d190
1299,trm_4a3fd79d0a972,cnt_5262d6e7255a4
1300,trm_4a3fd79d09d35,cnt_4e0129bf96513
1301,trm_4a3fd79d0a666,cnt_523f5c876e89c
1302,trm_523f5f918cb2c,cnt_523f5c876e89c
1303,trm_4a3fd79d09902,cnt_55a30151c0e78
1304,trm_4a3fd79d09be2,cnt_502ade7522e56
1305,trm_4a3fd79d0a775,cnt_5266bcb8dd805
1306,trm_4a3fd79d0b689,cnt_5298e814e6fcd
1307,trm_4a3fd79d0a613,cnt_5298e86a0ad46
1308,trm_4a3fd79d0a775,cnt_5266cc547e0dd
1309,trm_4a3fd79d0b5ef,cnt_524b5702780ad
1310,trm_4a3fd79d0b908,cnt_4de7c5df194ea
1311,trm_4a3fd79d09902,cnt_50070f9310204
1312,trm_4a3fd79d0b5a7,cnt_4dee5f41244cc
1313,trm_4a3fd79d0ba6c,cnt_4dee5f41244cc
1314,trm_4a3fd79d0a04f,cnt_4dee5f41244cc
1315,trm_4a3fd79d0aab0,cnt_4df6a77053b3f
1316,trm_4a3fd79d0b4a9,cnt_4df6a77053b3f
1317,trm_4a3fd79d0b083,cnt_4df6a77053b3f
1318,trm_52068e5bd9aa1,cnt_5206140b96f95
1319,trm_4a3fd79d0b892,cnt_4e08ed6a4d30d
1320,trm_557b4b7e68727,cnt_55314b56bceed
1321,trm_557b493133416,cnt_55314b56bceed
1322,trm_4a3fd79d0af71,cnt_55314b56bceed
1323,trm_557b4a7315f1b,cnt_55314b56bceed
1324,trm_523c7afe39f78,cnt_523c7cdacdc20
1325,trm_4a3fd79d0b4b5,cnt_4de6716415d2d
1326,trm_4a3fd79d0b1d5,cnt_50f7346907d30
1327,trm_4a3fd79d0b311,cnt_5262cc597b2b1
1328,trm_4a3fd79d098c9,cnt_4de6c9842dbbe
1329,trm_4a3fd79d0ab70,cnt_4de6c9842dbbe
1330,trm_4a3fd79d09b28,cnt_4de6c9842dbbe
1331,trm_4a3fd79d0a613,cnt_500ed6d06dd2e
1332,trm_52090251db8c8,cnt_524055e0365e7
1333,trm_4a3fd79d0b5fb,cnt_5298e7e9cce5d
1334,trm_4a3fd79d0af71,cnt_55399a202b4ff
1335,trm_557b4b3a6a34d,cnt_55399a202b4ff
1336,trm_557b4a7315f1b,cnt_55399a202b4ff
1337,trm_557b49851e991,cnt_55399a202b4ff
1338,trm_557b4aa070c10,cnt_55399a202b4ff
1339,trm_4a3fd79d0ab70,cnt_4de6c84f74508
